created_utc,order
2020-01-01 08:47:58,31678
2020-01-01 09:08:36,32916
2020-01-02 07:38:55,113935
2020-01-02 08:02:50,115370
2020-01-03 06:53:56,197636
2020-01-03 06:58:09,197889
2020-01-03 08:53:11,204791
2020-01-03 11:53:03,215583
2020-01-03 15:42:08,229328
2020-01-04 05:43:02,279782
2020-01-04 07:18:42,285522
2020-01-06 10:01:08,468068
2020-01-06 10:32:03,469923
2020-01-06 16:30:17,491417
2020-01-08 12:55:51,651351
2020-01-08 15:08:51,659331
2020-01-09 14:52:27,744747
2020-01-10 13:58:46,827926
2020-01-11 09:14:38,897278
2020-01-12 06:03:53,972233
2020-01-13 02:40:04,1046404
2020-01-13 06:11:58,1059118
2020-01-13 08:56:17,1068977
2020-01-13 11:32:54,1078374
2020-01-13 11:53:03,1079583
2020-01-13 12:39:46,1082386
2020-01-13 17:02:43,1098163
2020-01-15 09:50:09,1245009
2020-01-15 10:37:29,1247849
2020-01-15 12:24:07,1254247
2020-01-15 15:52:56,1266776
2020-01-16 13:51:30,1345890
2020-01-16 14:03:51,1346631
2020-01-16 16:31:59,1355519
2020-01-16 19:30:42,1366242
2020-01-17 08:30:28,1413028
2020-01-17 11:33:51,1424031
2020-01-17 11:33:51,1424031
2020-01-17 11:33:51,1424031
2020-01-19 09:25:22,1589122
2020-01-19 10:47:36,1594056
2020-01-19 16:59:15,1616355
2020-01-20 07:27:57,1668477
2020-01-20 14:25:45,1693545
2020-01-20 16:26:04,1700764
2020-01-20 16:43:08,1701788
2020-01-20 21:48:11,1720091
2020-01-20 21:55:05,1720505
2020-01-22 03:17:23,1826243
2020-01-22 08:15:15,1844115
2020-01-22 10:02:53,1850573
2020-01-22 10:55:22,1853722
2020-01-22 11:17:55,1855075
2020-01-22 11:53:48,1857228
2020-01-22 12:08:03,1858083
2020-01-22 12:19:14,1858754
2020-01-22 14:55:25,1868125
2020-01-22 17:17:58,1876678
2020-01-22 17:25:44,1877144
2020-01-22 19:36:34,1884994
2020-01-22 19:36:34,1884994
2020-01-22 19:58:25,1886305
2020-01-23 10:19:59,1937999
2020-01-23 10:31:05,1938665
2020-01-23 10:32:32,1938752
2020-01-23 11:12:37,1941157
2020-01-23 11:17:52,1941472
2020-01-23 11:34:32,1942472
2020-01-23 15:02:40,1954960
2020-01-23 15:02:40,1954960
2020-01-23 15:02:40,1954960
2020-01-23 21:58:13,1979893
2020-01-24 13:43:22,2036602
2020-01-24 15:56:08,2044568
2020-01-26 13:10:53,2207453
2020-01-27 09:59:12,2282352
2020-01-27 11:10:49,2286649
2020-01-29 11:04:25,2459065
2020-01-29 14:04:32,2469872
2020-01-29 14:31:35,2471495
2020-01-30 08:43:21,2537001
2020-01-30 13:56:35,2555795
2020-01-31 16:02:27,2649747
2020-02-03 12:23:46,2895826
2020-02-05 06:52:00,3048720
2020-02-05 07:11:31,3049891
2020-02-05 07:27:26,3050846
2020-02-05 07:52:07,3052327
2020-02-06 07:49:56,3138596
2020-02-06 08:08:43,3139723
2020-02-06 09:52:09,3145929
2020-02-06 11:23:12,3151392
2020-02-06 12:32:03,3155523
2020-02-06 13:04:40,3157480
2020-02-06 14:25:23,3162323
2020-02-06 14:40:34,3163234
2020-02-06 14:58:57,3164337
2020-02-06 16:57:07,3171427
2020-02-06 17:09:42,3172182
2020-02-06 17:22:07,3172927
2020-02-07 07:45:27,3224727
2020-02-07 08:26:55,3227215
2020-02-07 10:48:37,3235717
2020-02-07 11:08:36,3236916
2020-02-07 12:14:11,3240851
2020-02-07 13:25:56,3245156
2020-02-07 13:45:48,3246348
2020-02-07 14:02:32,3247352
2020-02-07 15:01:45,3250905
2020-02-09 07:22:19,3396139
2020-02-09 13:22:39,3417759
2020-02-10 06:59:07,3481147
2020-02-10 10:06:31,3492391
2020-02-10 10:26:12,3493572
2020-02-10 10:33:04,3493984
2020-02-10 10:59:28,3495568
2020-02-10 19:29:07,3526147
2020-02-12 11:02:55,3668575
2020-02-12 16:05:31,3686731
2020-02-12 16:07:39,3686859
2020-02-12 16:11:16,3687076
2020-02-12 20:22:01,3702121
2020-02-13 15:08:09,3769689
2020-02-13 15:19:14,3770354
2020-02-13 17:06:48,3776808
2020-02-14 15:58:27,3859107
2020-02-16 08:54:39,4006479
2020-02-17 08:50:54,4092654
2020-02-17 10:37:33,4099053
2020-02-17 12:39:42,4106382
2020-02-17 13:37:53,4109873
2020-02-17 15:09:52,4115392
2020-02-17 23:18:40,4144720
2020-02-17 23:26:24,4145184
2020-02-19 06:40:32,4257632
2020-02-19 06:40:32,4257632
2020-02-19 11:44:36,4275876
2020-02-19 11:55:29,4276529
2020-02-19 12:03:52,4277032
2020-02-19 12:50:43,4279843
2020-02-19 13:05:51,4280751
2020-02-19 13:08:49,4280929
2020-02-19 14:53:03,4287183
2020-02-20 07:02:48,4345368
2020-02-20 08:15:52,4349752
2020-02-20 08:31:40,4350700
2020-02-20 08:45:31,4351531
2020-02-20 08:52:10,4351930
2020-02-20 11:08:05,4360085
2020-02-20 13:10:27,4367427
2020-02-20 17:07:25,4381645
2020-02-20 22:29:58,4400998
2020-02-21 06:44:52,4430692
2020-02-21 06:46:09,4430769
2020-02-21 11:22:08,4447328
2020-02-21 13:26:23,4454783
2020-02-21 15:35:34,4462534
2020-02-22 18:31:02,4559462
2020-02-22 18:31:02,4559462
2020-02-22 19:49:43,4564183
2020-02-23 07:54:23,4607663
2020-02-23 22:19:24,4659564
2020-02-24 10:22:51,4702971
2020-02-24 12:10:56,4709456
2020-02-24 12:59:54,4712394
2020-02-24 15:36:53,4721813
2020-02-26 07:02:59,4863779
2020-02-26 08:03:26,4867406
2020-02-26 08:09:49,4867789
2020-02-26 08:11:11,4867871
2020-02-26 09:44:31,4873471
2020-02-27 09:53:18,4960398
2020-02-27 10:05:59,4961159
2020-02-27 10:32:09,4962729
2020-02-27 10:54:26,4964066
2020-02-27 10:55:40,4964140
2020-02-27 12:47:17,4970837
2020-02-27 14:14:01,4976041
2020-02-27 15:32:31,4980751
2020-02-28 11:04:29,5051069
2020-02-28 12:14:00,5055240
2020-02-28 12:55:54,5057754
2020-02-28 13:20:15,5059215
2020-02-28 13:44:37,5060677
2020-02-28 14:49:56,5064596
2020-02-29 13:17:01,5145421
2020-03-02 10:07:29,5306849
2020-03-02 13:29:22,5318962
2020-03-04 03:05:39,5454339
2020-03-04 03:05:39,5454339
2020-03-04 03:05:39,5454339
2020-03-04 03:05:39,5454339
2020-03-04 03:05:39,5454339
2020-03-04 03:05:39,5454339
2020-03-04 03:05:39,5454339
2020-03-04 03:05:39,5454339
2020-03-04 03:05:39,5454339
2020-03-04 03:05:39,5454339
2020-03-04 03:05:39,5454339
2020-03-04 03:05:39,5454339
2020-03-04 03:05:39,5454339
2020-03-04 03:05:39,5454339
2020-03-04 03:08:02,5454482
2020-03-04 03:08:02,5454482
2020-03-04 03:08:17,5454497
2020-03-04 03:09:27,5454567
2020-03-04 03:09:27,5454567
2020-03-04 03:09:38,5454578
2020-03-04 03:09:38,5454578
2020-03-04 03:09:38,5454578
2020-03-04 03:09:38,5454578
2020-03-04 06:44:31,5467471
2020-03-04 08:47:18,5474838
2020-03-04 10:51:25,5482285
2020-03-04 19:07:30,5512050
2020-03-05 09:02:39,5562159
2020-03-05 09:07:19,5562439
2020-03-05 10:59:02,5569142
2020-03-05 14:48:37,5582917
2020-03-05 15:03:58,5583838
2020-03-06 08:50:56,5647856
2020-03-06 09:04:21,5648661
2020-03-06 09:52:46,5651566
2020-03-06 10:53:53,5655233
2020-03-06 15:18:29,5671109
2020-03-06 20:53:52,5691232
2020-03-09 09:20:49,5908849
2020-03-09 21:37:14,5953034
2020-03-11 06:56:48,6073008
2020-03-11 08:56:28,6080188
2020-03-11 10:20:58,6085258
2020-03-12 09:37:06,6169026
2020-03-13 09:27:08,6254828
2020-03-13 09:55:04,6256504
2020-03-13 10:08:44,6257324
2020-03-15 14:21:08,6445268
2020-03-15 14:21:08,6445268
2020-03-15 14:21:08,6445268
2020-03-15 14:28:28,6445708
2020-03-15 16:34:53,6453293
2020-03-16 09:28:57,6514137
2020-03-16 10:17:28,6517048
2020-03-16 10:35:52,6518152
2020-03-16 10:52:45,6519165
2020-03-16 10:53:14,6519194
2020-03-16 11:29:15,6521355
2020-03-16 11:34:18,6521658
2020-03-16 12:32:05,6525125
2020-03-18 08:38:05,6683885
2020-03-18 15:35:35,6708935
2020-03-20 11:11:40,6865900
2020-03-20 13:49:49,6875389
2020-03-23 09:14:18,7118058
2020-03-23 09:14:18,7118058
2020-03-23 09:14:18,7118058
2020-03-23 09:14:18,7118058
2020-03-23 09:14:18,7118058
2020-03-23 09:14:18,7118058
2020-03-23 09:14:18,7118058
2020-03-23 09:14:18,7118058
2020-03-23 09:14:18,7118058
2020-03-23 09:14:18,7118058
2020-03-23 09:14:18,7118058
2020-03-23 09:14:18,7118058
2020-03-23 09:14:18,7118058
2020-03-23 09:14:18,7118058
2020-03-23 09:33:51,7119231
2020-03-23 09:33:51,7119231
2020-03-23 09:33:51,7119231
2020-03-23 09:33:51,7119231
2020-03-23 09:33:51,7119231
2020-03-23 09:33:51,7119231
2020-03-23 09:33:51,7119231
2020-03-23 09:33:51,7119231
2020-03-23 09:33:51,7119231
2020-03-23 09:33:51,7119231
2020-03-23 11:05:29,7124729
2020-03-25 06:30:26,7281026
2020-03-26 09:55:18,7379718
2020-03-26 11:48:42,7386522
2020-03-26 17:38:31,7407511
2020-03-27 10:16:24,7467384
2020-03-27 15:44:55,7487095
2020-03-29 11:58:15,7646295
2020-03-30 19:22:57,7759377
2020-04-01 09:41:14,7897274
2020-04-01 12:51:03,7908663
2020-04-02 08:05:10,7977910
2020-04-02 13:56:58,7999018
2020-04-03 16:48:33,8095713
2020-04-06 06:11:02,8316662
2020-04-06 06:11:02,8316662
2020-04-06 18:45:08,8361908
2020-04-06 21:53:02,8373182
2020-04-08 08:21:21,8497281
2020-04-08 12:30:24,8512224
2020-04-08 12:42:02,8512922
2020-04-09 04:47:48,8570868
2020-04-09 14:14:15,8604855
2020-04-12 21:20:56,8889656
2020-04-12 22:21:43,8893303
2020-04-13 06:29:25,8922565
2020-04-13 16:22:23,8958143
2020-04-13 16:44:04,8959444
2020-04-15 13:24:40,9120280
2020-04-15 19:05:06,9140706
2020-04-15 21:20:28,9148828
2020-04-16 08:26:59,9188819
2020-04-16 12:21:36,9202896
2020-04-17 12:25:24,9289524
2020-04-19 00:18:23,9418703
2020-04-19 08:37:59,9448679
2020-04-19 09:23:36,9451416
2020-04-19 22:06:14,9497174
2020-04-20 07:19:02,9530342
2020-04-20 11:42:18,9546138
2020-04-20 14:42:26,9556946
2020-04-22 08:32:34,9707554
2020-04-22 10:58:25,9716305
2020-04-23 05:32:42,9783162
2020-04-26 16:07:57,10080477
2020-04-27 07:54:35,10137275
2020-04-27 10:39:25,10147165
2020-04-27 14:55:44,10162544
2020-04-29 06:53:46,10306426
2020-04-29 14:13:24,10332804
2020-04-29 14:18:02,10333082
2020-04-29 23:16:56,10365416
2020-04-30 06:20:32,10390832
2020-04-30 06:51:24,10392684
2020-04-30 09:32:59,10402379
2020-04-30 09:32:59,10402379
2020-04-30 11:46:05,10410365
2020-04-30 11:52:04,10410724
2020-05-03 13:22:49,10675369
2020-05-04 09:17:07,10747027
2020-05-04 10:04:39,10749879
2020-05-04 10:04:39,10749879
2020-05-04 10:04:39,10749879
2020-05-04 10:04:39,10749879
2020-05-04 10:04:39,10749879
2020-05-04 10:04:39,10749879
2020-05-04 10:04:39,10749879
2020-05-04 10:04:39,10749879
2020-05-04 10:04:39,10749879
2020-05-04 10:04:39,10749879
2020-05-06 08:03:22,10915402
2020-05-06 08:50:12,10918212
2020-05-06 10:27:42,10924062
2020-05-07 09:27:43,11006863
2020-05-07 09:28:07,11006887
2020-05-07 10:58:29,11012309
2020-05-07 10:58:29,11012309
2020-05-07 10:58:29,11012309
2020-05-07 10:58:29,11012309
2020-05-07 10:58:29,11012309
2020-05-07 10:58:29,11012309
2020-05-07 10:58:29,11012309
2020-05-07 10:58:29,11012309
2020-05-07 10:58:29,11012309
2020-05-07 10:58:29,11012309
2020-05-07 13:14:27,11020467
2020-05-08 08:13:23,11088803
2020-05-08 08:15:55,11088955
2020-05-08 09:04:44,11091884
2020-05-08 09:05:24,11091924
2020-05-08 09:16:46,11092606
2020-05-08 09:21:25,11092885
2020-05-08 09:22:03,11092923
2020-05-08 09:25:35,11093135
2020-05-08 09:41:40,11094100
2020-05-08 09:45:23,11094323
2020-05-08 10:06:16,11095576
2020-05-08 10:15:56,11096156
2020-05-08 10:20:37,11096437
2020-05-08 11:21:27,11100087
2020-05-08 11:21:29,11100089
2020-05-08 11:43:31,11101411
2020-05-10 09:00:54,11264454
2020-05-10 11:22:48,11272968
2020-05-10 23:43:46,11317426
2020-05-11 10:09:47,11354987
2020-05-11 12:20:00,11362800
2020-05-11 12:34:41,11363681
2020-05-11 13:23:43,11366623
2020-05-11 13:23:43,11366623
2020-05-11 13:23:43,11366623
2020-05-11 13:23:43,11366623
2020-05-11 13:23:43,11366623
2020-05-11 13:23:43,11366623
2020-05-11 13:23:43,11366623
2020-05-11 13:23:43,11366623
2020-05-11 13:23:43,11366623
2020-05-11 13:23:43,11366623
2020-05-11 13:23:43,11366623
2020-05-11 13:48:18,11368098
2020-05-11 23:16:44,11402204
2020-05-13 09:50:29,11526629
2020-05-13 11:22:20,11532140
2020-05-14 04:23:20,11593400
2020-05-14 04:36:27,11594187
2020-05-14 07:56:27,11606187
2020-05-14 11:16:28,11618188
2020-05-14 11:21:35,11618495
2020-05-14 13:06:43,11624803
2020-05-15 06:02:08,11685728
2020-05-15 08:14:15,11693655
2020-05-15 08:17:44,11693864
2020-05-15 09:32:56,11698376
2020-05-15 09:40:00,11698800
2020-05-15 09:40:27,11698827
2020-05-15 10:13:24,11700804
2020-05-15 10:49:34,11702974
2020-05-17 07:03:39,11862219
2020-05-17 07:41:37,11864497
2020-05-17 13:16:59,11884619
2020-05-17 13:19:07,11884747
2020-05-17 17:43:19,11900599
2020-05-18 03:23:00,11935380
2020-05-18 04:22:19,11938939
2020-05-18 06:17:09,11945829
2020-05-18 06:35:23,11946923
2020-05-18 09:22:37,11956957
2020-05-18 09:22:48,11956968
2020-05-18 09:23:00,11956980
2020-05-18 10:18:12,11960292
2020-05-18 10:18:12,11960292
2020-05-18 10:18:12,11960292
2020-05-18 10:18:12,11960292
2020-05-18 10:18:12,11960292
2020-05-18 10:18:12,11960292
2020-05-18 10:18:12,11960292
2020-05-18 10:18:12,11960292
2020-05-18 10:18:12,11960292
2020-05-18 10:18:12,11960292
2020-05-18 10:18:12,11960292
2020-05-18 10:19:39,11960379
2020-05-18 10:19:39,11960379
2020-05-18 10:19:39,11960379
2020-05-18 10:19:39,11960379
2020-05-18 10:19:39,11960379
2020-05-18 10:19:39,11960379
2020-05-18 15:29:12,11978952
2020-05-18 15:35:55,11979355
2020-05-18 22:50:43,12005443
2020-05-20 05:06:58,12114418
2020-05-20 10:20:06,12133206
2020-05-20 13:51:22,12145882
2020-05-20 18:05:27,12161127
2020-05-21 06:00:25,12204025
2020-05-21 09:18:46,12215926
2020-05-21 09:19:05,12215945
2020-05-21 09:19:22,12215962
2020-05-21 12:00:51,12225651
2020-05-21 13:03:41,12229421
2020-05-21 21:01:25,12258085
2020-05-25 14:59:22,12581962
2020-05-25 19:45:10,12599110
2020-05-27 09:48:24,12736104
2020-05-27 10:19:45,12737985
2020-05-27 13:00:04,12747604
2020-05-27 13:34:04,12749644
2020-05-27 21:20:35,12777635
2020-05-28 10:04:30,12823470
2020-05-28 11:12:56,12827576
2020-05-28 13:38:59,12836339
2020-05-28 15:51:53,12844313
2020-05-28 15:54:48,12844488
2020-05-28 19:20:31,12856831
2020-05-29 10:38:55,12911935
2020-05-29 11:42:33,12915753
2020-05-29 13:06:29,12920789
2020-05-29 13:14:41,12921281
2020-05-29 21:27:13,12950833
2020-05-29 21:27:13,12950833
2020-05-29 21:27:13,12950833
2020-05-29 21:27:13,12950833
2020-05-31 11:47:10,13088830
2020-05-31 15:00:51,13100451
2020-05-31 22:51:53,13128713
2020-05-31 22:51:53,13128713
2020-05-31 23:04:52,13129492
2020-05-31 23:20:26,13130426
2020-06-01 07:10:04,13158604
2020-06-01 08:52:14,13164734
2020-06-01 11:13:15,13173195
2020-06-01 11:13:15,13173195
2020-06-01 22:38:17,13214297
2020-06-03 02:22:28,13314148
2020-06-03 02:24:44,13314284
2020-06-03 02:36:31,13314991
2020-06-03 04:05:10,13320310
2020-06-03 06:15:14,13328114
2020-06-03 06:15:14,13328114
2020-06-03 06:30:49,13329049
2020-06-03 07:20:48,13332048
2020-06-03 08:06:37,13334797
2020-06-03 08:10:31,13335031
2020-06-03 08:15:48,13335348
2020-06-03 08:17:26,13335446
2020-06-03 10:14:31,13342471
2020-06-03 11:35:23,13347323
2020-06-03 12:14:03,13349643
2020-06-03 13:11:30,13353090
2020-06-03 13:11:30,13353090
2020-06-03 13:47:53,13355273
2020-06-03 13:47:53,13355273
2020-06-03 16:21:27,13364487
2020-06-03 17:17:05,13367825
2020-06-03 18:29:35,13372175
2020-06-03 20:41:45,13380105
2020-06-04 07:54:42,13420482
2020-06-04 08:35:46,13422946
2020-06-04 08:35:46,13422946
2020-06-04 08:35:46,13422946
2020-06-04 08:57:09,13424229
2020-06-04 09:48:30,13427310
2020-06-04 09:48:30,13427310
2020-06-04 09:48:30,13427310
2020-06-04 10:22:49,13429369
2020-06-04 10:22:49,13429369
2020-06-04 11:01:03,13431663
2020-06-04 11:01:03,13431663
2020-06-04 11:05:25,13431925
2020-06-04 11:05:25,13431925
2020-06-04 11:05:25,13431925
2020-06-04 12:49:23,13438163
2020-06-04 13:44:47,13441487
2020-06-04 13:49:51,13441791
2020-06-04 13:53:50,13442030
2020-06-04 15:42:39,13448559
2020-06-04 20:05:32,13464332
2020-06-05 04:24:38,13494278
2020-06-05 07:31:58,13505518
2020-06-05 08:41:40,13509700
2020-06-05 09:21:32,13512092
2020-06-05 12:55:39,13524939
2020-06-05 13:11:50,13525910
2020-06-05 13:14:53,13526093
2020-06-05 15:25:48,13533948
2020-06-05 21:35:20,13556120
2020-06-05 21:35:20,13556120
2020-06-06 04:56:16,13582576
2020-06-07 02:26:09,13659969
2020-06-07 07:50:07,13679407
2020-06-07 08:51:52,13683112
2020-06-08 07:18:55,13763935
2020-06-08 07:54:23,13766063
2020-06-08 08:43:33,13769013
2020-06-08 09:56:00,13773360
2020-06-08 09:56:00,13773360
2020-06-08 10:00:55,13773655
2020-06-08 10:00:55,13773655
2020-06-08 11:18:13,13778293
2020-06-08 11:37:29,13779449
2020-06-08 13:02:14,13784534
2020-06-08 13:02:14,13784534
2020-06-08 14:40:53,13790453
2020-06-08 16:51:03,13798263
2020-06-08 18:24:30,13803870
2020-06-08 19:56:54,13809414
2020-06-08 21:54:58,13816498
2020-06-08 21:56:53,13816613
2020-06-10 04:16:56,13925816
2020-06-10 09:24:14,13944254
2020-06-10 10:37:18,13948638
2020-06-10 11:46:44,13952804
2020-06-10 12:53:02,13956782
2020-06-10 13:00:25,13957225
2020-06-10 13:37:26,13959446
2020-06-10 13:37:26,13959446
2020-06-10 14:25:52,13962352
2020-06-10 14:37:30,13963050
2020-06-10 14:37:30,13963050
2020-06-10 15:26:44,13966004
2020-06-10 17:30:50,13973450
2020-06-10 20:28:34,13984114
2020-06-10 20:30:54,13984254
2020-06-10 20:30:54,13984254
2020-06-11 05:49:43,14017783
2020-06-11 05:49:43,14017783
2020-06-11 05:49:43,14017783
2020-06-11 05:49:43,14017783
2020-06-11 08:07:45,14026065
2020-06-11 11:44:57,14039097
2020-06-11 13:29:50,14045390
2020-06-11 13:43:51,14046231
2020-06-11 14:06:57,14047617
2020-06-11 14:11:28,14047888
2020-06-11 15:12:44,14051564
2020-06-11 15:24:26,14052266
2020-06-11 15:24:26,14052266
2020-06-11 15:24:26,14052266
2020-06-11 15:41:09,14053269
2020-06-11 18:32:06,14063526
2020-06-11 23:21:52,14080912
2020-06-12 07:56:03,14111763
2020-06-12 08:20:08,14113208
2020-06-12 10:30:57,14121057
2020-06-12 10:30:57,14121057
2020-06-12 10:35:24,14121324
2020-06-12 13:25:04,14131504
2020-06-12 13:25:04,14131504
2020-06-12 14:13:23,14134403
2020-06-12 22:52:12,14165532
2020-06-12 22:52:12,14165532
2020-06-12 23:22:50,14167370
2020-06-12 23:22:50,14167370
2020-06-13 00:24:27,14171067
2020-06-13 00:26:01,14171161
2020-06-13 08:57:56,14201876
2020-06-13 21:31:54,14247114
2020-06-13 21:31:54,14247114
2020-06-13 21:34:54,14247294
2020-06-14 17:52:37,14320357
2020-06-15 07:01:48,14367708
2020-06-15 07:03:08,14367788
2020-06-15 07:04:31,14367871
2020-06-15 07:06:06,14367966
2020-06-15 07:45:03,14370303
2020-06-15 08:07:17,14371637
2020-06-15 08:07:17,14371637
2020-06-15 08:17:49,14372269
2020-06-15 09:19:00,14375940
2020-06-15 09:19:00,14375940
2020-06-15 09:19:00,14375940
2020-06-15 10:07:20,14378840
2020-06-15 11:48:55,14384935
2020-06-15 13:01:03,14389263
2020-06-15 13:01:03,14389263
2020-06-15 13:01:03,14389263
2020-06-15 13:03:31,14389411
2020-06-15 13:03:31,14389411
2020-06-15 13:43:36,14391816
2020-06-15 13:44:29,14391869
2020-06-15 15:53:56,14399636
2020-06-15 16:25:38,14401538
2020-06-15 17:50:40,14406640
2020-06-17 05:55:43,14536543
2020-06-17 08:46:16,14546776
2020-06-17 08:48:49,14546929
2020-06-17 08:48:49,14546929
2020-06-17 09:42:33,14550153
2020-06-17 09:42:33,14550153
2020-06-17 10:09:44,14551784
2020-06-17 10:15:07,14552107
2020-06-17 10:35:19,14553319
2020-06-17 11:11:27,14555487
2020-06-17 11:15:56,14555756
2020-06-17 11:43:38,14557418
2020-06-17 11:53:48,14558028
2020-06-17 11:53:48,14558028
2020-06-17 12:49:18,14561358
2020-06-17 13:11:53,14562713
2020-06-17 13:16:19,14562979
2020-06-17 13:31:38,14563898
2020-06-17 13:35:21,14564121
2020-06-17 13:48:05,14564885
2020-06-17 15:50:34,14572234
2020-06-17 19:41:13,14586073
2020-06-18 08:22:59,14631779
2020-06-18 08:22:59,14631779
2020-06-18 08:39:16,14632756
2020-06-18 09:25:09,14635509
2020-06-18 10:27:10,14639230
2020-06-18 10:28:18,14639298
2020-06-18 10:36:12,14639772
2020-06-18 10:51:03,14640663
2020-06-18 10:53:09,14640789
2020-06-18 12:08:34,14645314
2020-06-18 12:46:23,14647583
2020-06-18 13:01:50,14648510
2020-06-18 19:16:11,14670971
2020-06-18 19:16:11,14670971
2020-06-19 11:15:35,14728535
2020-06-19 11:15:35,14728535
2020-06-19 11:15:35,14728535
2020-06-19 12:04:52,14731492
2020-06-21 05:45:57,14881557
2020-06-22 07:50:30,14975430
2020-06-22 09:21:37,14980897
2020-06-22 09:40:19,14982019
2020-06-22 09:40:19,14982019
2020-06-22 10:08:44,14983724
2020-06-22 11:00:43,14986843
2020-06-22 11:04:12,14987052
2020-06-22 12:01:10,14990470
2020-06-22 12:04:24,14990664
2020-06-22 12:17:46,14991466
2020-06-22 12:30:09,14992209
2020-06-22 12:30:54,14992254
2020-06-22 12:34:05,14992445
2020-06-22 12:43:45,14993025
2020-06-22 13:43:51,14996631
2020-06-22 13:43:51,14996631
2020-06-22 15:41:42,15003702
2020-06-24 08:25:14,15150314
2020-06-24 08:45:44,15151544
2020-06-24 10:03:41,15156221
2020-06-24 10:31:14,15157874
2020-06-24 10:31:14,15157874
2020-06-24 10:31:14,15157874
2020-06-24 11:44:19,15162259
2020-06-24 12:47:55,15166075
2020-06-24 12:47:55,15166075
2020-06-24 13:32:37,15168757
2020-06-24 13:40:10,15169210
2020-06-24 13:40:10,15169210
2020-06-24 13:55:55,15170155
2020-06-24 15:55:45,15177345
2020-06-24 16:17:26,15178646
2020-06-24 17:11:32,15181892
2020-06-24 19:13:17,15189197
2020-06-24 19:13:17,15189197
2020-06-25 07:23:29,15233009
2020-06-25 07:23:29,15233009
2020-06-25 07:49:07,15234547
2020-06-25 09:10:52,15239452
2020-06-25 09:16:06,15239766
2020-06-25 09:16:06,15239766
2020-06-25 09:17:47,15239867
2020-06-25 09:18:00,15239880
2020-06-25 09:21:09,15240069
2020-06-25 09:21:46,15240106
2020-06-25 09:26:02,15240362
2020-06-25 09:27:47,15240467
2020-06-25 09:29:35,15240575
2020-06-25 09:29:44,15240584
2020-06-25 09:29:44,15240584
2020-06-25 09:29:44,15240584
2020-06-25 09:29:59,15240599
2020-06-25 09:35:26,15240926
2020-06-25 09:35:48,15240948
2020-06-25 09:36:50,15241010
2020-06-25 09:37:07,15241027
2020-06-25 09:38:59,15241139
2020-06-25 09:46:10,15241570
2020-06-25 09:47:37,15241657
2020-06-25 09:50:00,15241800
2020-06-25 09:50:26,15241826
2020-06-25 09:51:44,15241904
2020-06-25 09:54:04,15242044
2020-06-25 09:54:48,15242088
2020-06-25 09:56:05,15242165
2020-06-25 09:56:38,15242198
2020-06-25 09:57:41,15242261
2020-06-25 09:58:36,15242316
2020-06-25 11:51:46,15249106
2020-06-25 12:40:45,15252045
2020-06-25 12:42:44,15252164
2020-06-25 12:43:12,15252192
2020-06-25 12:43:16,15252196
2020-06-25 12:43:30,15252210
2020-06-25 12:43:48,15252228
2020-06-25 12:44:14,15252254
2020-06-25 12:56:00,15252960
2020-06-25 12:58:57,15253137
2020-06-25 12:59:12,15253152
2020-06-25 13:00:04,15253204
2020-06-25 13:04:50,15253490
2020-06-25 13:04:53,15253493
2020-06-25 13:12:44,15253964
2020-06-25 13:16:51,15254211
2020-06-25 15:02:35,15260555
2020-06-25 15:46:36,15263196
2020-06-25 15:46:36,15263196
2020-06-25 20:17:07,15279427
2020-06-25 20:17:31,15279451
2020-06-25 20:17:46,15279466
2020-06-25 20:18:14,15279494
2020-06-25 20:18:46,15279526
2020-06-25 20:19:42,15279582
2020-06-25 20:57:43,15281863
2020-06-25 22:09:15,15286155
2020-06-25 22:10:18,15286218
2020-06-25 22:11:54,15286314
2020-06-25 22:12:17,15286337
2020-06-25 22:14:05,15286445
2020-06-26 06:06:04,15314764
2020-06-26 07:59:48,15321588
2020-06-26 07:59:48,15321588
2020-06-26 08:19:46,15322786
2020-06-26 08:19:46,15322786
2020-06-26 09:36:34,15327394
2020-06-26 10:31:41,15330701
2020-06-26 11:11:47,15333107
2020-06-26 12:49:09,15338949
2020-06-26 14:29:28,15344968
2020-06-26 14:29:28,15344968
2020-06-26 21:11:45,15369105
2020-06-27 08:14:43,15408883
2020-06-27 08:14:43,15408883
2020-06-28 10:38:36,15503916
2020-06-28 10:45:26,15504326
2020-06-28 10:45:26,15504326
2020-06-28 10:45:26,15504326
2020-06-28 11:52:17,15508337
2020-06-28 13:33:54,15514434
2020-06-29 05:46:05,15572765
2020-06-29 05:47:21,15572841
2020-06-29 05:54:51,15573291
2020-06-29 06:26:12,15575172
2020-06-29 07:54:34,15580474
2020-06-29 08:05:05,15581105
2020-06-29 08:06:03,15581163
2020-06-29 08:06:14,15581174
2020-06-29 08:06:15,15581175
2020-06-29 08:06:56,15581216
2020-06-29 08:07:20,15581240
2020-06-29 08:12:51,15581571
2020-06-29 08:14:11,15581651
2020-06-29 08:21:07,15582067
2020-06-29 08:30:45,15582645
2020-06-29 09:03:52,15584632
2020-06-29 09:03:52,15584632
2020-06-29 09:03:52,15584632
2020-06-29 09:11:35,15585095
2020-06-29 09:11:57,15585117
2020-06-29 09:19:39,15585579
2020-06-29 09:45:33,15587133
2020-06-29 10:21:10,15589270
2020-06-29 12:04:19,15595459
2020-06-29 12:04:19,15595459
2020-06-29 13:05:58,15599158
2020-06-29 13:06:13,15599173
2020-06-29 13:06:25,15599185
2020-07-01 07:22:08,15751328
2020-07-01 07:51:18,15753078
2020-07-01 07:51:47,15753107
2020-07-01 08:29:11,15755351
2020-07-01 08:44:32,15756272
2020-07-01 09:50:53,15760253
2020-07-01 11:31:15,15766275
2020-07-01 12:03:08,15768188
2020-07-01 12:05:15,15768315
2020-07-01 12:39:11,15770351
2020-07-01 12:42:36,15770556
2020-07-01 12:42:36,15770556
2020-07-01 13:51:48,15774708
2020-07-01 14:05:05,15775505
2020-07-01 14:15:29,15776129
2020-07-01 14:50:22,15778222
2020-07-01 14:50:22,15778222
2020-07-01 14:52:16,15778336
2020-07-01 14:59:35,15778775
2020-07-01 15:34:57,15780897
2020-07-01 15:39:24,15781164
2020-07-01 16:38:46,15784726
2020-07-02 07:03:28,15836608
2020-07-02 07:03:28,15836608
2020-07-02 07:03:28,15836608
2020-07-02 07:16:46,15837406
2020-07-02 11:29:32,15852572
2020-07-02 15:38:49,15867529
2020-07-02 15:46:56,15868016
2020-07-02 15:56:40,15868600
2020-07-02 16:04:36,15869076
2020-07-02 16:14:46,15869686
2020-07-02 16:22:40,15870160
2020-07-02 16:28:42,15870522
2020-07-02 16:35:46,15870946
2020-07-03 06:33:07,15921187
2020-07-03 06:33:11,15921191
2020-07-03 07:32:43,15924763
2020-07-03 08:06:21,15926781
2020-07-03 08:06:21,15926781
2020-07-03 08:31:16,15928276
2020-07-03 09:17:54,15931074
2020-07-03 09:31:52,15931912
2020-07-03 09:55:18,15933318
2020-07-03 10:33:47,15935627
2020-07-03 11:04:23,15937463
2020-07-03 11:04:49,15937489
2020-07-03 11:04:51,15937491
2020-07-03 11:07:17,15937637
2020-07-03 11:15:54,15938154
2020-07-03 11:37:52,15939472
2020-07-03 12:30:33,15942633
2020-07-03 12:55:54,15944154
2020-07-03 13:18:36,15945516
2020-07-03 14:05:24,15948324
2020-07-03 14:05:30,15948330
2020-07-03 14:05:36,15948336
2020-07-03 14:05:36,15948336
2020-07-03 14:28:46,15949726
2020-07-03 14:28:51,15949731
2020-07-03 14:39:34,15950374
2020-07-03 15:14:51,15952491
2020-07-03 17:53:37,15962017
2020-07-03 17:55:10,15962110
2020-07-03 17:55:10,15962110
2020-07-03 18:02:32,15962552
2020-07-04 06:04:47,16005887
2020-07-04 07:27:00,16010820
2020-07-06 08:06:16,16185976
2020-07-06 08:06:20,16185980
2020-07-06 08:21:28,16186888
2020-07-06 08:30:39,16187439
2020-07-06 08:42:00,16188120
2020-07-06 09:03:11,16189391
2020-07-06 09:15:20,16190120
2020-07-06 09:18:12,16190292
2020-07-06 13:36:39,16205799
2020-07-06 13:45:00,16206300
2020-07-06 13:51:42,16206702
2020-07-06 13:52:09,16206729
2020-07-06 13:54:20,16206860
2020-07-06 15:23:20,16212200
2020-07-06 15:26:04,16212364
2020-07-06 15:47:10,16213630
2020-07-08 07:25:45,16356345
2020-07-08 07:59:31,16358371
2020-07-08 07:59:37,16358377
2020-07-08 07:59:37,16358377
2020-07-08 10:04:09,16365849
2020-07-08 10:04:14,16365854
2020-07-08 10:13:26,16366406
2020-07-08 10:13:28,16366408
2020-07-08 11:21:46,16370506
2020-07-08 11:21:50,16370510
2020-07-08 11:21:50,16370510
2020-07-08 11:47:39,16372059
2020-07-08 12:04:32,16373072
2020-07-08 12:04:34,16373074
2020-07-08 12:08:53,16373333
2020-07-08 12:36:45,16375005
2020-07-08 12:36:45,16375005
2020-07-08 12:41:48,16375308
2020-07-08 12:41:51,16375311
2020-07-08 13:53:03,16379583
2020-07-08 13:53:03,16379583
2020-07-08 13:53:03,16379583
2020-07-08 13:53:03,16379583
2020-07-08 14:34:42,16382082
2020-07-08 14:41:41,16382501
2020-07-08 15:05:48,16383948
2020-07-08 15:35:23,16385723
2020-07-08 15:35:23,16385723
2020-07-08 15:46:10,16386370
2020-07-08 15:46:13,16386373
2020-07-08 15:55:13,16386913
2020-07-08 18:46:07,16397167
2020-07-08 19:42:24,16400544
2020-07-08 19:42:24,16400544
2020-07-09 09:21:09,16449669
2020-07-09 11:15:49,16456549
2020-07-09 11:15:49,16456549
2020-07-09 13:41:11,16465271
2020-07-09 13:55:23,16466123
2020-07-09 13:55:28,16466128
2020-07-09 15:17:10,16471030
2020-07-09 15:17:49,16471069
2020-07-09 15:41:45,16472505
2020-07-09 15:41:48,16472508
2020-07-09 17:03:18,16477398
2020-07-10 06:04:23,16524263
2020-07-10 09:07:15,16535235
2020-07-10 09:07:18,16535238
2020-07-10 09:14:01,16535641
2020-07-10 09:14:04,16535644
2020-07-10 13:56:23,16552583
2020-07-10 13:56:27,16552587
2020-07-10 14:08:34,16553314
2020-07-10 14:16:28,16553788
2020-07-10 14:16:32,16553792
2020-07-10 14:20:26,16554026
2020-07-10 14:31:45,16554705
2020-07-10 14:53:21,16556001
2020-07-10 16:44:32,16562672
2020-07-12 21:52:02,16753922
2020-07-13 05:45:09,16782309
2020-07-13 09:05:20,16794320
2020-07-13 09:05:24,16794324
2020-07-13 09:38:46,16796326
2020-07-13 09:38:50,16796330
2020-07-13 09:44:23,16796663
2020-07-13 09:44:27,16796667
2020-07-13 11:06:59,16801619
2020-07-13 12:00:52,16804852
2020-07-13 14:31:58,16813918
2020-07-13 14:32:13,16813933
2020-07-13 14:46:01,16814761
2020-07-15 08:05:10,16963510
2020-07-15 08:05:13,16963513
2020-07-15 09:06:15,16967175
2020-07-15 14:00:20,16984820
2020-07-16 08:34:20,17051660
2020-07-16 08:56:37,17052997
2020-07-16 09:19:19,17054359
2020-07-17 03:45:16,17120716
2020-07-17 15:20:43,17162443
2020-07-17 15:43:44,17163824
2020-07-20 07:15:21,17392521
2020-07-20 07:24:09,17393049
2020-07-20 08:55:59,17398559
2020-07-20 09:06:48,17399208
2020-07-20 09:12:22,17399542
2020-07-20 09:12:22,17399542
2020-07-20 09:46:27,17401587
2020-07-20 09:50:01,17401801
2020-07-20 13:13:56,17414036
2020-07-22 15:36:00,17595360
2020-07-22 18:32:10,17605930
2020-07-22 21:42:34,17617354
2020-07-23 04:43:26,17642606
2020-07-23 04:43:43,17642623
2020-07-23 04:44:33,17642673
2020-07-23 04:45:22,17642722
2020-07-23 04:47:13,17642833
2020-07-23 04:55:43,17643343
2020-07-23 04:56:05,17643365
2020-07-23 04:57:37,17643457
2020-07-23 04:58:52,17643532
2020-07-23 04:59:45,17643585
2020-07-23 05:00:21,17643621
2020-07-23 05:01:27,17643687
2020-07-23 07:18:30,17651910
2020-07-23 07:20:07,17652007
2020-07-23 07:21:01,17652061
2020-07-23 07:21:38,17652098
2020-07-23 07:22:35,17652155
2020-07-23 07:25:05,17652305
2020-07-23 07:26:39,17652399
2020-07-23 07:28:16,17652496
2020-07-23 07:28:46,17652526
2020-07-23 07:29:46,17652586
2020-07-23 07:30:20,17652620
2020-07-23 07:34:01,17652841
2020-07-23 07:34:37,17652877
2020-07-23 07:38:41,17653121
2020-07-23 07:40:00,17653200
2020-07-23 07:47:44,17653664
2020-07-23 07:48:21,17653701
2020-07-23 07:51:50,17653910
2020-07-23 08:52:09,17657529
2020-07-23 08:53:11,17657591
2020-07-23 08:53:47,17657627
2020-07-23 08:55:29,17657729
2020-07-23 09:06:54,17658414
2020-07-23 10:29:23,17663363
2020-07-23 10:31:34,17663494
2020-07-23 10:32:53,17663573
2020-07-23 12:42:50,17671370
2020-07-23 14:50:29,17679029
2020-07-24 11:52:29,17754749
2020-07-24 11:57:46,17755066
2020-07-24 12:47:51,17758071
2020-07-24 12:52:45,17758365
2020-07-24 13:35:47,17760947
2020-07-24 13:36:02,17760962
2020-07-24 13:56:38,17762198
2020-07-24 16:02:32,17769752
2020-07-24 16:12:05,17770325
2020-07-24 16:19:15,17770755
2020-07-24 16:30:12,17771412
2020-07-24 16:39:37,17771977
2020-07-24 16:57:19,17773039
2020-07-26 05:03:55,17903035
2020-07-27 05:45:27,17991927
2020-07-27 07:11:24,17997084
2020-07-27 07:59:50,17999990
2020-07-27 08:04:13,18000253
2020-07-29 16:09:43,18202183
2020-07-30 14:38:03,18283083
2020-07-31 01:00:09,18320409
2020-07-31 13:11:23,18364283
2020-08-01 09:29:46,18437386
2020-08-02 05:38:26,18509906
2020-08-02 05:47:28,18510448
2020-08-05 08:22:36,18778956
2020-08-05 08:25:30,18779130
2020-08-05 08:41:03,18780063
2020-08-05 10:04:16,18785056
2020-08-05 13:19:51,18796791
2020-08-05 13:28:04,18797284
2020-08-06 08:07:18,18864438
2020-08-06 12:16:05,18879365
2020-08-10 07:14:02,19206842
2020-08-13 09:32:24,19474344
2020-08-13 09:32:24,19474344
2020-08-19 07:01:30,19983690
2020-08-19 09:31:40,19992700
2020-08-19 15:07:44,20012864
2020-08-20 07:12:30,20070750
2020-08-20 07:12:30,20070750
2020-08-21 06:13:00,20153580
2020-08-21 09:41:30,20166090
2020-08-21 10:33:24,20169204
2020-08-21 10:35:48,20169348
2020-08-21 12:47:17,20177237
2020-08-24 06:33:07,20413987
2020-08-24 06:37:01,20414221
2020-08-26 09:08:26,20596106
2020-08-26 10:18:42,20600322
2020-08-26 12:26:03,20607963
2020-08-27 10:01:54,20685714
2020-08-27 11:22:54,20690574
2020-08-27 13:38:49,20698729
2020-08-27 13:42:03,20698923
2020-08-28 06:22:34,20758954
2020-08-28 07:58:42,20764722
2020-08-28 10:36:57,20774217
2020-08-28 12:25:05,20780705
2020-08-31 08:10:27,21024627
2020-08-31 08:31:56,21025916
2020-08-31 09:19:13,21028753
2020-08-31 09:49:49,21030589
2020-08-31 10:45:16,21033916
2020-08-31 11:27:04,21036424
2020-08-31 11:42:22,21037342
2020-08-31 12:14:00,21039240
2020-08-31 12:21:32,21039692
2020-09-02 11:22:19,21208939
2020-09-02 11:38:06,21209886
2020-09-02 12:03:24,21211404
2020-09-02 13:32:36,21216756
2020-09-02 13:36:24,21216984
2020-09-03 08:12:35,21283955
2020-09-03 08:20:44,21284444
2020-09-03 09:28:20,21288500
2020-09-03 09:58:50,21290330
2020-09-03 10:38:43,21292723
2020-09-03 11:19:02,21295142
2020-09-03 11:46:51,21296811
2020-09-03 12:13:05,21298385
2020-09-03 12:22:34,21298954
2020-09-03 14:25:51,21306351
2020-09-03 15:58:03,21311883
2020-09-04 02:19:10,21349150
2020-09-04 07:42:53,21368573
2020-09-04 07:42:53,21368573
2020-09-04 09:05:45,21373545
2020-09-04 10:16:46,21377806
2020-09-05 07:37:55,21454675
2020-09-07 07:43:03,21627783
2020-09-07 07:53:42,21628422
2020-09-07 07:57:19,21628639
2020-09-07 08:52:06,21631926
2020-09-07 09:01:31,21632491
2020-09-07 09:55:50,21635750
2020-09-07 09:55:50,21635750
2020-09-07 09:55:50,21635750
2020-09-07 12:01:49,21643309
2020-09-07 16:04:50,21657890
2020-09-09 07:02:31,21798151
2020-09-09 07:21:59,21799319
2020-09-09 07:54:25,21801265
2020-09-09 08:03:16,21801796
2020-09-09 08:13:08,21802388
2020-09-09 08:26:56,21803216
2020-09-09 08:40:34,21804034
2020-09-09 08:41:30,21804090
2020-09-09 08:41:30,21804090
2020-09-09 08:59:33,21805173
2020-09-09 09:04:07,21805447
2020-09-09 09:19:45,21806385
2020-09-09 09:26:53,21806813
2020-09-09 10:03:13,21808993
2020-09-09 11:27:55,21814075
2020-09-09 11:53:11,21815591
2020-09-09 12:41:48,21818508
2020-09-09 12:42:59,21818579
2020-09-09 20:20:13,21846013
2020-09-10 07:40:18,21886818
2020-09-11 11:26:01,21986761
2020-09-11 11:52:56,21988376
2020-09-11 14:12:52,21996772
2020-09-13 10:07:02,22154822
2020-09-13 10:38:09,22156689
2020-09-13 11:01:19,22158079
2020-09-14 07:37:46,22232266
2020-09-14 07:56:50,22233410
2020-09-14 10:50:51,22243851
2020-09-14 10:53:44,22244024
2020-09-14 11:23:06,22245786
2020-09-14 18:25:31,22271131
2020-09-16 09:19:41,22411181
2020-09-16 09:19:41,22411181
2020-09-16 09:19:41,22411181
2020-09-16 09:19:41,22411181
2020-09-16 09:24:30,22411470
2020-09-16 09:38:01,22412281
2020-09-16 09:53:42,22413222
2020-09-16 10:13:16,22414396
2020-09-16 10:38:03,22415883
2020-09-16 11:15:36,22418136
2020-09-16 11:38:59,22419539
2020-09-16 12:06:30,22421190
2020-09-16 12:41:12,22423272
2020-09-16 14:20:20,22429220
2020-09-16 20:09:39,22450179
2020-09-16 20:11:20,22450280
2020-09-16 20:38:52,22451932
2020-09-16 20:50:57,22452657
2020-09-16 21:11:51,22453911
2020-09-16 21:13:23,22454003
2020-09-17 08:49:37,22495777
2020-09-17 08:51:11,22495871
2020-09-17 11:24:56,22505096
2020-09-17 12:11:43,22507903
2020-09-17 13:37:27,22513047
2020-09-17 13:40:21,22513221
2020-09-17 14:04:54,22514694
2020-09-17 14:07:14,22514834
2020-09-17 14:20:59,22515659
2020-09-17 14:23:02,22515782
2020-09-18 07:26:52,22577212
2020-09-18 09:39:01,22585141
2020-09-18 09:39:01,22585141
2020-09-18 09:39:01,22585141
2020-09-18 09:39:01,22585141
2020-09-18 13:56:16,22600576
2020-09-18 15:41:36,22606896
2020-09-19 11:27:08,22678028
2020-09-20 04:49:55,22740595
2020-09-21 06:19:05,22832345
2020-09-21 06:44:16,22833856
2020-09-21 07:10:03,22835403
2020-09-21 08:19:32,22839572
2020-09-21 08:52:11,22841531
2020-09-21 09:00:51,22842051
2020-09-21 09:03:35,22842215
2020-09-21 10:22:59,22846979
2020-09-21 10:56:53,22849013
2020-09-21 12:08:51,22853331
2020-09-21 13:22:23,22857743
2020-09-23 07:39:58,23009998
2020-09-23 08:14:47,23012087
2020-09-23 08:44:33,23013873
2020-09-23 08:56:45,23014605
2020-09-23 09:27:16,23016436
2020-09-23 11:48:29,23024909
2020-09-23 12:25:57,23027157
2020-09-23 12:55:18,23028918
2020-09-23 13:09:34,23029774
2020-09-23 13:16:56,23030216
2020-09-23 13:42:38,23031758
2020-09-23 14:27:53,23034473
2020-09-23 14:34:58,23034898
2020-09-23 14:38:40,23035120
2020-09-24 06:00:12,23090412
2020-09-24 06:28:02,23092082
2020-09-24 06:33:29,23092409
2020-09-24 06:45:27,23093127
2020-09-24 07:17:35,23095055
2020-09-24 07:34:36,23096076
2020-09-24 07:44:08,23096648
2020-09-24 07:58:08,23097488
2020-09-24 09:26:59,23102819
2020-09-24 09:47:59,23104079
2020-09-24 10:34:48,23106888
2020-09-24 10:53:58,23108038
2020-09-24 11:07:48,23108868
2020-09-24 13:04:33,23115873
2020-09-24 13:43:00,23118180
2020-09-24 13:50:56,23118656
2020-09-25 10:08:24,23191704
2020-09-25 11:31:55,23196715
2020-09-25 11:35:50,23196950
2020-09-25 11:57:28,23198248
2020-09-25 12:05:08,23198708
2020-09-25 12:12:15,23199135
2020-09-25 12:36:41,23200601
2020-09-25 12:43:35,23201015
2020-09-25 13:06:20,23202380
2020-09-25 13:42:50,23204570
2020-09-25 13:45:18,23204718
2020-09-25 13:56:36,23205396
2020-09-25 14:01:48,23205708
2020-09-25 14:55:50,23208950
2020-09-26 06:38:45,23265525
2020-09-26 07:09:27,23267367
2020-09-26 07:21:52,23268112
2020-09-26 08:48:16,23273296
2020-09-26 10:05:57,23277957
2020-09-26 10:58:56,23281136
2020-09-26 11:08:35,23281715
2020-09-26 11:29:40,23282980
2020-09-26 11:49:37,23284177
2020-09-26 12:35:36,23286936
2020-09-27 09:44:35,23363075
2020-09-27 09:57:33,23363853
2020-09-28 07:47:48,23442468
2020-09-28 07:51:44,23442704
2020-09-28 10:51:54,23453514
2020-09-28 11:13:46,23454826
2020-09-28 11:24:05,23455445
2020-09-28 12:09:05,23458145
2020-09-30 05:05:55,23605555
2020-09-30 07:34:45,23614485
2020-09-30 12:03:38,23630618
2020-09-30 12:07:00,23630820
2020-09-30 12:52:18,23633538
2020-10-01 09:02:14,23706134
2020-10-01 12:06:57,23717217
2020-10-01 12:26:03,23718363
2020-10-01 13:31:56,23722316
2020-10-01 13:46:27,23723187
2020-10-01 13:48:24,23723304
2020-10-01 18:14:51,23739291
2020-10-01 18:14:51,23739291
2020-10-02 09:19:48,23793588
2020-10-02 09:23:59,23793839
2020-10-02 09:46:05,23795165
2020-10-02 11:54:31,23802871
2020-10-02 12:02:03,23803323
2020-10-02 12:02:36,23803356
2020-10-02 12:03:47,23803427
2020-10-02 12:04:46,23803486
2020-10-02 12:08:30,23803710
2020-10-02 12:08:30,23803710
2020-10-02 12:17:39,23804259
2020-10-02 12:19:52,23804392
2020-10-02 12:23:28,23804608
2020-10-02 12:27:58,23804878
2020-10-02 12:36:12,23805372
2020-10-02 12:40:32,23805632
2020-10-02 12:53:37,23806417
2020-10-02 13:15:42,23807742
2020-10-02 13:48:46,23809726
2020-10-02 16:19:32,23818772
2020-10-02 16:20:27,23818827
2020-10-02 16:22:04,23818924
2020-10-03 06:00:47,23868047
2020-10-03 07:00:51,23871651
2020-10-03 07:52:12,23874732
2020-10-03 10:38:29,23884709
2020-10-03 11:22:59,23887379
2020-10-03 11:34:40,23888080
2020-10-03 12:23:29,23891009
2020-10-03 13:10:21,23893821
2020-10-03 16:01:54,23904114
2020-10-03 16:15:17,23904917
2020-10-03 16:16:36,23904996
2020-10-03 16:32:28,23905948
2020-10-03 20:29:00,23920140
2020-10-04 09:32:49,23967169
2020-10-04 10:05:37,23969137
2020-10-04 13:44:32,23982272
2020-10-04 18:52:43,24000763
2020-10-04 18:56:18,24000978
2020-10-05 06:12:29,24041549
2020-10-05 06:19:48,24041988
2020-10-05 07:18:58,24045538
2020-10-05 07:42:55,24046975
2020-10-05 07:51:07,24047467
2020-10-05 08:07:30,24048450
2020-10-05 08:28:37,24049717
2020-10-05 08:58:40,24051520
2020-10-05 08:58:40,24051520
2020-10-05 10:43:24,24057804
2020-10-07 04:58:54,24209934
2020-10-07 05:51:57,24213117
2020-10-07 06:38:53,24215933
2020-10-07 09:28:16,24226096
2020-10-07 11:12:21,24232341
2020-10-07 11:38:32,24233912
2020-10-07 12:43:28,24237808
2020-10-07 13:15:22,24239722
2020-10-07 13:15:22,24239722
2020-10-07 14:21:46,24243706
2020-10-07 18:56:09,24260169
2020-10-08 06:24:28,24301468
2020-10-08 10:24:53,24315893
2020-10-08 11:31:29,24319889
2020-10-08 12:56:14,24324974
2020-10-08 13:19:29,24326369
2020-10-08 20:10:40,24351040
2020-10-09 03:18:41,24376721
2020-10-09 06:24:10,24387850
2020-10-09 08:05:50,24393950
2020-10-09 11:44:09,24407049
2020-10-09 11:52:36,24407556
2020-10-09 17:42:42,24428562
2020-10-10 18:24:57,24517497
2020-10-11 11:37:40,24579460
2020-10-12 07:03:47,24649427
2020-10-12 07:54:55,24652495
2020-10-12 08:06:45,24653205
2020-10-12 10:57:40,24663460
2020-10-12 12:10:36,24667836
2020-10-12 21:16:37,24700597
2020-10-12 21:54:54,24702894
2020-10-14 04:57:57,24814677
2020-10-14 05:37:15,24817035
2020-10-14 05:58:13,24818293
2020-10-14 07:04:24,24822264
2020-10-14 12:17:30,24841050
2020-10-15 07:14:14,24909254
2020-10-15 08:04:37,24912277
2020-10-15 08:12:24,24912744
2020-10-15 08:27:02,24913622
2020-10-15 08:32:37,24913957
2020-10-15 08:40:58,24914458
2020-10-15 08:46:22,24914782
2020-10-15 08:53:18,24915198
2020-10-15 09:21:58,24916918
2020-10-15 10:24:28,24920668
2020-10-15 10:42:59,24921779
2020-10-15 11:05:15,24923115
2020-10-15 11:09:06,24923346
2020-10-15 13:56:01,24933361
2020-10-15 14:43:19,24936199
2020-10-15 16:12:57,24941577
2020-10-15 17:00:59,24944459
2020-10-15 17:10:32,24945032
2020-10-15 17:32:19,24946339
2020-10-15 23:11:07,24966667
2020-10-15 23:12:34,24966754
2020-10-16 06:14:04,24992044
2020-10-16 06:44:03,24993843
2020-10-16 07:07:45,24995265
2020-10-16 07:17:35,24995855
2020-10-16 07:18:41,24995921
2020-10-16 08:48:06,25001286
2020-10-16 08:48:06,25001286
2020-10-16 09:20:23,25003223
2020-10-16 10:19:08,25006748
2020-10-16 11:07:24,25009644
2020-10-16 14:44:51,25022691
2020-10-18 20:53:37,25217617
2020-10-18 21:43:54,25220634
2020-10-19 06:44:07,25253047
2020-10-19 06:58:47,25253927
2020-10-19 08:09:54,25258194
2020-10-19 10:59:46,25268386
2020-10-19 11:28:32,25270112
2020-10-19 11:28:32,25270112
2020-10-19 11:46:17,25271177
2020-10-19 11:46:22,25271182
2020-10-19 11:53:54,25271634
2020-10-21 05:38:27,25421907
2020-10-21 06:07:34,25423654
2020-10-21 06:45:52,25425952
2020-10-21 07:54:31,25430071
2020-10-21 07:54:31,25430071
2020-10-21 08:41:38,25432898
2020-10-21 09:04:35,25434275
2020-10-21 09:44:07,25436647
2020-10-21 09:59:47,25437587
2020-10-21 10:08:31,25438111
2020-10-21 10:25:20,25439120
2020-10-21 10:29:58,25439398
2020-10-21 10:50:24,25440624
2020-10-21 10:53:38,25440818
2020-10-21 11:08:15,25441695
2020-10-21 11:16:00,25442160
2020-10-21 11:50:39,25444239
2020-10-21 12:17:39,25445859
2020-10-21 12:52:54,25447974
2020-10-21 13:37:21,25450641
2020-10-21 15:00:40,25455640
2020-10-21 15:00:42,25455642
2020-10-21 17:41:14,25465274
2020-10-22 05:06:51,25506411
2020-10-22 08:06:36,25517196
2020-10-22 08:08:23,25517303
2020-10-22 08:57:15,25520235
2020-10-22 09:31:11,25522271
2020-10-22 09:31:11,25522271
2020-10-22 10:54:46,25527286
2020-10-22 12:12:58,25531978
2020-10-22 12:42:50,25533770
2020-10-22 13:25:35,25536335
2020-10-22 14:15:59,25539359
2020-10-23 06:09:05,25596545
2020-10-23 08:17:39,25604259
2020-10-23 09:03:08,25606988
2020-10-23 11:27:58,25615678
2020-10-23 12:36:21,25619781
2020-10-23 13:03:50,25621430
2020-10-24 08:37:17,25691837
2020-10-24 08:47:15,25692435
2020-10-25 05:04:16,25765456
2020-10-26 01:05:10,25837510
2020-10-26 07:20:22,25860022
2020-10-26 08:45:39,25865139
2020-10-26 11:13:56,25874036
2020-10-28 13:44:47,26055887
2020-10-28 13:58:47,26056727
2020-10-28 15:53:58,26063638
2020-10-28 16:42:46,26066566
2020-10-29 07:56:32,26121392
2020-10-29 09:02:52,26125372
2020-10-29 09:40:34,26127634
2020-10-29 11:48:25,26135305
2020-10-29 13:32:06,26141526
2020-10-29 14:43:01,26145781
2020-10-29 14:54:28,26146468
2020-10-29 15:40:31,26149231
2020-10-29 16:10:24,26151024
2020-10-29 16:35:56,26152556
2020-10-29 18:37:07,26159827
2020-10-29 18:50:16,26160616
2020-11-04 10:49:24,26650164
2020-11-05 21:49:32,26776172
2020-11-06 11:49:36,26826576
2020-11-08 19:47:11,27028031
2020-11-08 20:05:04,27029104
2020-11-08 20:07:36,27029256
2020-11-09 10:55:12,27082512
2020-11-09 12:00:23,27086423
2020-11-09 12:12:32,27087152
2020-11-09 12:59:14,27089954
2020-11-14 07:13:25,27501205
2020-11-15 06:25:54,27584754
2020-11-15 09:34:41,27596081
2020-11-15 09:34:41,27596081
2020-11-15 09:34:41,27596081
2020-11-16 13:06:30,27695190
2020-11-16 13:14:21,27695661
2020-11-18 00:52:26,27823946
2020-11-18 00:52:26,27823946
2020-11-18 00:52:26,27823946
2020-11-18 00:52:26,27823946
2020-11-18 00:52:26,27823946
2020-11-18 00:55:57,27824157
2020-11-18 00:55:57,27824157
2020-11-18 01:05:55,27824755
2020-11-18 08:16:05,27850565
2020-11-20 09:53:46,28029226
2020-11-20 12:02:49,28036969
2020-11-20 12:02:49,28036969
2020-11-20 12:49:06,28039746
2020-11-20 13:42:36,28042956
2020-11-20 14:13:08,28044788
2020-11-20 14:22:25,28045345
2020-11-20 23:52:14,28079534
2020-11-21 09:11:54,28113114
2020-11-21 09:11:54,28113114
2020-11-21 10:29:32,28117772
2020-11-21 10:37:34,28118254
2020-11-21 14:17:04,28131424
2020-11-25 08:00:08,28454408
2020-11-25 08:00:08,28454408
2020-11-25 13:59:05,28475945
2020-11-25 13:59:05,28475945
2020-11-27 11:21:33,28639293
2020-11-27 13:16:32,28646192
2020-11-29 19:58:41,28843121
2020-11-29 19:58:41,28843121
2020-11-30 04:10:22,28872622
2020-11-30 05:34:46,28877686
2020-11-30 10:05:08,28893908
2020-11-30 10:05:08,28893908
2020-11-30 13:59:59,28907999
2020-11-30 13:59:59,28907999
2020-11-30 14:40:20,28910420
2020-11-30 15:48:47,28914527
2020-12-02 09:17:48,29063868
2020-12-02 15:07:39,29084859
2020-12-02 15:32:10,29086330
2020-12-02 15:53:14,29087594
2020-12-02 16:31:35,29089895
2020-12-03 02:14:10,29124850
2020-12-03 09:23:50,29150630
2020-12-03 09:23:50,29150630
2020-12-03 12:17:52,29161072
2020-12-03 13:18:57,29164737
2020-12-03 13:51:33,29166693
2020-12-03 14:22:52,29168572
2020-12-03 14:23:58,29168638
2020-12-03 14:37:21,29169441
2020-12-03 14:40:28,29169628
2020-12-03 19:57:44,29188664
2020-12-03 20:04:22,29189062
2020-12-04 07:49:47,29231387
2020-12-04 22:48:11,29285291
2020-12-04 23:46:00,29288760
2020-12-05 00:19:42,29290782
2020-12-07 10:25:35,29499935
2020-12-07 10:44:24,29501064
2020-12-07 10:58:29,29501909
2020-12-07 11:44:06,29504646
2020-12-07 12:05:47,29505947
2020-12-07 12:16:28,29506588
2020-12-07 12:35:39,29507739
2020-12-07 12:44:09,29508249
2020-12-07 12:47:18,29508438
2020-12-07 12:56:28,29508988
2020-12-07 13:00:24,29509224
2020-12-07 15:08:51,29516931
2020-12-07 15:11:03,29517063
2020-12-07 17:22:49,29524969
2020-12-07 17:22:49,29524969
2020-12-07 18:27:11,29528831
2020-12-07 18:27:11,29528831
2020-12-07 22:20:17,29542817
2020-12-09 11:44:12,29677452
2020-12-09 13:22:29,29683349
2020-12-09 21:24:03,29712243
2020-12-09 21:59:58,29714398
2020-12-09 21:59:58,29714398
2020-12-10 09:24:35,29755475
2020-12-10 09:50:41,29757041
2020-12-10 10:23:59,29759039
2020-12-10 10:41:49,29760109
2020-12-10 10:52:24,29760744
2020-12-10 11:11:10,29761870
2020-12-10 11:24:10,29762650
2020-12-10 11:24:10,29762650
2020-12-10 11:31:33,29763093
2020-12-10 12:20:57,29766057
2020-12-10 12:51:08,29767868
2020-12-10 12:53:42,29768022
2020-12-10 13:11:38,29769098
2020-12-10 16:16:51,29780211
2020-12-10 16:16:51,29780211
2020-12-10 19:06:10,29790370
2020-12-10 19:18:47,29791127
2020-12-11 01:14:21,29812461
2020-12-11 01:14:21,29812461
2020-12-11 01:14:21,29812461
2020-12-11 01:14:21,29812461
2020-12-11 07:20:42,29834442
2020-12-11 07:24:20,29834660
2020-12-11 08:02:35,29836955
2020-12-11 08:37:15,29839035
2020-12-11 08:41:12,29839272
2020-12-11 08:46:02,29839562
2020-12-11 08:49:42,29839782
2020-12-11 08:56:35,29840195
2020-12-11 08:59:01,29840341
2020-12-11 09:00:45,29840445
2020-12-11 09:02:01,29840521
2020-12-11 09:22:31,29841751
2020-12-11 09:34:55,29842495
2020-12-11 09:48:03,29843283
2020-12-11 10:32:14,29845934
2020-12-11 10:33:48,29846028
2020-12-11 11:15:36,29848536
2020-12-11 11:37:51,29849871
2020-12-11 11:37:51,29849871
2020-12-11 11:48:37,29850517
2020-12-11 12:46:19,29853979
2020-12-11 14:32:04,29860324
2020-12-11 14:32:04,29860324
2020-12-11 14:32:04,29860324
2020-12-11 14:32:04,29860324
2020-12-11 14:32:04,29860324
2020-12-11 14:32:04,29860324
2020-12-11 14:32:04,29860324
2020-12-11 14:32:04,29860324
2020-12-11 14:32:04,29860324
2020-12-11 14:32:04,29860324
2020-12-11 14:43:36,29861016
2020-12-11 14:43:39,29861019
2020-12-11 14:46:37,29861197
2020-12-11 14:46:41,29861201
2020-12-11 14:49:40,29861380
2020-12-11 14:49:41,29861381
2020-12-12 08:36:47,29925407
2020-12-12 08:36:50,29925410
2020-12-12 17:16:21,29956581
2020-12-12 17:16:23,29956583
2020-12-12 17:16:23,29956583
2020-12-12 17:16:23,29956583
2020-12-12 17:16:23,29956583
2020-12-12 17:16:23,29956583
2020-12-12 17:16:23,29956583
2020-12-12 17:16:23,29956583
2020-12-12 17:16:23,29956583
2020-12-12 17:16:23,29956583
2020-12-12 17:16:23,29956583
2020-12-12 17:16:23,29956583
2020-12-12 17:16:23,29956583
2020-12-12 17:16:23,29956583
2020-12-12 17:16:23,29956583
2020-12-12 22:33:56,29975636
2020-12-13 00:37:08,29983028
2020-12-13 00:37:08,29983028
2020-12-13 00:37:10,29983030
2020-12-13 00:37:10,29983030
2020-12-13 01:40:05,29986805
2020-12-13 03:38:25,29993905
2020-12-13 03:43:03,29994183
2020-12-13 13:21:07,30028867
2020-12-13 16:06:39,30038799
2020-12-13 21:45:59,30059159
2020-12-13 22:26:01,30061561
2020-12-14 07:30:25,30094225
2020-12-14 07:55:39,30095739
2020-12-14 08:30:50,30097850
2020-12-14 09:37:20,30101840
2020-12-14 09:39:59,30101999
2020-12-14 10:40:21,30105621
2020-12-14 10:57:27,30106647
2020-12-14 10:59:22,30106762
2020-12-14 11:09:17,30107357
2020-12-14 11:56:57,30110217
2020-12-14 12:08:14,30110894
2020-12-14 14:53:39,30120819
2020-12-14 15:01:20,30121280
2020-12-14 18:20:42,30133242
2020-12-14 21:54:37,30146077
2020-12-14 22:05:44,30146744
2020-12-14 22:05:44,30146744
2020-12-16 10:32:04,30277924
2020-12-16 10:55:52,30279352
2020-12-16 12:37:42,30285462
2020-12-16 15:18:37,30295117
2020-12-16 15:54:49,30297289
2020-12-16 16:03:08,30297788
2020-12-16 19:49:20,30311360
2020-12-16 20:07:02,30312422
2020-12-16 20:07:02,30312422
2020-12-16 20:07:02,30312422
2020-12-17 12:18:16,30370696
2020-12-17 15:11:50,30381110
2020-12-17 15:22:11,30381731
2020-12-18 09:24:24,30446664
2020-12-18 09:26:25,30446785
2020-12-18 09:32:54,30447174
2020-12-18 09:49:36,30448176
2020-12-18 09:59:37,30448777
2020-12-18 11:51:50,30455510
2020-12-18 11:51:50,30455510
2020-12-18 11:52:14,30455534
2020-12-18 13:13:17,30460397
2020-12-18 13:13:19,30460399
2020-12-18 13:16:16,30460576
2020-12-18 13:16:21,30460581
2020-12-18 13:22:04,30460924
2020-12-18 13:26:03,30461163
2020-12-18 13:31:20,30461480
2020-12-18 13:31:22,30461482
2020-12-18 13:32:31,30461551
2020-12-18 13:32:32,30461552
2020-12-18 14:17:01,30464221
2020-12-18 14:17:09,30464229
2020-12-18 14:19:07,30464347
2020-12-18 14:19:15,30464355
2020-12-18 14:21:14,30464474
2020-12-18 14:21:16,30464476
2020-12-18 14:27:35,30464855
2020-12-18 14:29:27,30464967
2020-12-18 15:45:18,30469518
2020-12-18 15:45:18,30469518
2020-12-18 15:45:18,30469518
2020-12-18 22:13:27,30492807
2020-12-20 16:24:29,30644669
2020-12-20 16:24:29,30644669
2020-12-20 16:31:10,30645070
2020-12-20 16:34:17,30645257
2020-12-20 17:02:04,30646924
2020-12-20 17:13:35,30647615
2020-12-21 13:33:24,30720804
2020-12-21 13:40:34,30721234
2020-12-21 13:43:39,30721419
2020-12-21 13:48:31,30721711
2020-12-21 13:52:05,30721925
2020-12-21 13:58:30,30722310
2020-12-21 14:15:03,30723303
2020-12-21 17:44:20,30735860
2020-12-21 18:29:39,30738579
2020-12-21 18:35:31,30738931
2020-12-21 18:41:47,30739307
2020-12-21 18:45:39,30739539
2020-12-21 18:58:43,30740323
2020-12-21 20:02:46,30744166
2020-12-21 22:19:12,30752352
2020-12-21 22:39:43,30753583
2020-12-21 23:12:45,30755565
2020-12-21 23:34:04,30756844
2020-12-23 13:36:01,30893761
2020-12-23 14:26:45,30896805
2020-12-24 12:30:11,30976211
2020-12-24 14:35:11,30983711
2020-12-27 13:11:12,31237872
